Fh [kN],u [mm]
0,0
0.2789,0.014514456
2.014,0.023645545
3.414,0.039009522
5.335,0.059436738
7.264,0.083680062
9.254,0.107300181
11.38,0.127119198
13.57,0.157988914
15.84,0.187581478
18.07,0.225805149
20.2,0.262888784
21.98,0.288099373
24,0.327166673
25.92,0.363528004
27.62,0.408156531
29.25,0.447393658
30.68,0.492751022
31.62,0.516802241
30.9,0.517684361
30.55,0.525519361
28.94,0.532744918
28.98,0.522647973
26.31,0.481152142
23.03,0.448671602
20.12,0.411234061
17.08,0.37786526
14.16,0.342747385
11.44,0.312371545
8.92,0.279232436
6.658,0.25031121
4.478,0.227938581
2.578,0.197949334
0.7747,0.173718357
-0.8023,0.164111245
-1.963,0.140077406
-3.353,0.127973981
-4.529,0.100246279
-6.024,0.07065781
-7.781,0.044505703
-9.542,0.009514809
-11.21,-0.028698676
-12.79,-0.06418294
-14.22,-0.103705331
-15.57,-0.145111599
-17.15,-0.172571021
-18.29,-0.214755046
-19.35,-0.253709798
-20.33,-0.288553739
-20.84,-0.336022923
-21.79,-0.375140737
-22.33,-0.41279981
-22.76,-0.460531617
-23.22,-0.464233034
-23.35,-0.472186457
-22.6,-0.480200021
-22.48,-0.472476825
-22.69,-0.47989249
-22.98,-0.481031562
-22.31,-0.465367543
-20.97,-0.416847959
-20.14,-0.376480304
-18.71,-0.345092749
-17.22,-0.302999144
-15.76,-0.267484722
-14.13,-0.232062587
-12.41,-0.200208845
-10.76,-0.161313695
-9.058,-0.124070498
-7.385,-0.08864834
-5.702,-0.059297332
-3.967,-0.026445233
-2.195,-0.000255821
-0.7401,0.03186788
0.6831,0.04170142
1.572,0.050309673
2.961,0.073655943
4.636,0.098103355
6.422,0.12201095
8.275,0.150196106
10.17,0.174279358
12.21,0.208812208
14.32,0.233419871
16.42,0.258390323
18.64,0.302208652
20.84,0.332865385
23.17,0.375714237
25.3,0.408458451
27.47,0.454036219
28.55,0.462463206
27.16,0.467641473
25.35,0.459801122
21.69,0.419110679
18.5,0.392161973
15.69,0.344321254
12.97,0.311378994
10.19,0.284744029
7.755,0.247364173
5.421,0.221327703
3.341,0.193254644
1.525,0.172545468
-0.1721,0.15142452
-1.479,0.128748833
-2.809,0.109868172
-3.894,0.091873991
-5.374,0.068119183
-7.101,0.04195305
-8.832,0.014240121
-10.45,-0.023875692
-11.96,-0.058485681
-13.45,-0.098527306
-14.95,-0.125861826
-16.33,-0.164613898
-17.67,-0.196263942
-18.75,-0.233036619
-19.84,-0.27766708
-20.65,-0.313044211
-21.45,-0.350769198
-22.11,-0.393568626
-22.62,-0.437486564
-22.34,-0.439948727
-20.34,-0.582941843
-18.5,-0.543041843
-17.59,-0.505141843
-16.02,-0.467341843
-14.54,-0.431141843
-12.81,-0.396641843
-11.09,-0.360041843
-9.303,-0.326581843
-7.533,-0.293171843
-5.667,-0.264411843
-3.799,-0.237871843
-2.092,-0.212331843
-0.6216,-0.191151843
0.7872,-0.171411843
1.626,-0.159821843
3.033,-0.141241843
4.754,-0.119841843
6.547,-0.096441843
8.45,-0.069341843
10.39,-0.046641843
12.41,-0.017241843
14.47,0.011158157
16.68,0.042758157
18.91,0.074358157
21.24,0.103258157
23.57,0.136258157
25.82,0.168058157
28.17,0.200158157
30.22,0.236258157
32.18,0.271058157
33.9,0.310558157
35.22,0.355258157
36.27,0.402858157
37.22,0.450658157
38.17,0.501058157
38.96,0.550458157
39.42,0.602558157
40.1,0.657958157
39.95,0.692958157
39.27,0.697558157
36.68,0.890529015
37.02,0.892103687
36.8,0.890477302
36.78,0.896531469
36.49,0.892361548
34.72,0.883509204
33.77,0.861889547
32.37,0.847289594
31.12,0.830632718
30.19,0.804666891
28.84,0.791334021
27.78,0.774453009
26.87,0.753821011
25.45,0.7445227
24.61,0.730474879
23.59,0.705378314
22.42,0.693236071
21.61,0.671902112
20.53,0.6605441
19.34,0.64240148
18.46,0.628825607
17.7,0.614336323
16.51,0.593679834
15.6,0.578821757
14.72,0.561940139
13.76,0.541685168
12.77,0.533741447
11.9,0.512923197
11.16,0.499246769
10.31,0.480344006
9.622,0.474325516
8.878,0.458302648
8.065,0.441859053
7.357,0.439123521
6.526,0.414445481
5.754,0.408446654
4.922,0.391212752
4.113,0.378770963
3.427,0.365206404
2.794,0.357469692
2.161,0.33734133
1.461,0.324033054
0.8557,0.317168603
0.2549,0.303505301
-0.3193,0.290501505
-0.8427,0.280919824
-1.312,0.277179795
-1.643,0.27191208
-2.154,0.260113661
-2.675,0.24960595
-3.181,0.237528479
-3.551,0.232712977
-3.882,0.217070003
-4.422,0.217640782
-5.066,0.210471838
-5.634,0.192801696
-6.271,0.180313749
-6.956,0.173174293
-7.62,0.154861448
-8.188,0.142174611
-8.844,0.125305661
-9.594,0.117629902
-10.12,0.101438061
-10.73,0.082605969
-11.37,0.067919355
-11.94,0.060293354
-12.49,0.047080772
-12.99,0.02947011
-13.5,0.00931536
-14.17,-0.001873584
-14.65,-0.019503049
-15.3,-0.034241519
-15.68,-0.049386409
-16.13,-0.066819197
-16.52,-0.079711573
-16.91,-0.090001766
-17.6,-0.110665773
-17.66,-0.127490543
-18.43,-0.14641334
-18.64,-0.158062334
-19.14,-0.174375615
-19.51,-0.188749552
-19.86,-0.210345684
-20.17,-0.224032359
-20.35,-0.233978655
-20.72,-0.260621582
-21.37,-0.274738673
-21.16,-0.288232501
-21.64,-0.300267035
-21.71,-0.321302135
-22.15,-0.33108125
-22.24,-0.356216848
-22.44,-0.371889439
-22.83,-0.384250991
-22.82,-0.399386851
-23.15,-0.416863069
-23.37,-0.434625175
-23.41,-0.452595183
-23.83,-0.466428217
-23.93,-0.484260533
-24.02,-0.508436434
-24.43,-0.516224306
-24.52,-0.536089434
-24.63,-0.555627699
-24.95,-0.568396938
-25.2,-0.586692783
-25.15,-0.600182883
-25.42,-0.615155745
-25.77,-0.637342207
-25.76,-0.652652533
-25.86,-0.665757459
-26.29,-0.687564016
-26.32,-0.707306453
-26.37,-0.711679236
-26.69,-0.729092785
-26.94,-0.756646854
-26.94,-0.769727758
-27,-0.792895886
-27.38,-0.798759458
-27.56,-0.82148067
-27.62,-0.838121529
-27.71,-0.854025468
-27.93,-0.870889762
-28.24,-0.88706769
-28.25,-0.910761104
-28.37,-0.9241708
-28.27,-0.935461117
-28.34,-0.931783778
-27.91,-0.936064689
-28.4,-0.930467043
-27.9,-0.939577635
-27.58,-0.94167138
-27.29,-0.939817336
-27.04,-0.942094032
-27.32,-0.906135781
-26.93,-0.901850723
-26.64,-0.878426452
-26.33,-0.868203908
-25.97,-0.849480371
-25.65,-0.841633802
-24.92,-0.820189382
-24.87,-0.811440502
-24.59,-0.794421639
-24.27,-0.774647977
-24.03,-0.763731638
-23.74,-0.749450091
-23.49,-0.734710423
-23.17,-0.713793153
-22.89,-0.699017311
-22.64,-0.678044303
-22.41,-0.664937547
-22.09,-0.646749219
-21.86,-0.627432564
-21.58,-0.617823945
-21.34,-0.598429226
-21.07,-0.582842603
-20.82,-0.565091587
-20.56,-0.547281907
-20.29,-0.531489896
-20.08,-0.514729657
-19.88,-0.500894807
-19.18,-0.485989884
-18.97,-0.471407083
-18.87,-0.452565874
-18.42,-0.434930093
-18.12,-0.422459522
-17.81,-0.4077267
-17.26,-0.397390202
-16.84,-0.370310916
-16.45,-0.35895333
-15.97,-0.346785345
-15.38,-0.328863318
-15.01,-0.31108956
-14.6,-0.297784934
-13.69,-0.280237347
-13.45,-0.261427952
-12.77,-0.247497748
-12.27,-0.233421435
-11.71,-0.219204349
-11.06,-0.202851297
-10.5,-0.188729971
-9.901,-0.178516187
-9.345,-0.163774353
-8.699,-0.151795595
-8.052,-0.136230202
-7.421,-0.116241797
-6.777,-0.105226785
-6.012,-0.094737149
-5.337,-0.083373152
-4.733,-0.068854774
-3.992,-0.057122418
-3.346,-0.046777397
-2.698,-0.034754772
-2.085,-0.021641738
-1.583,-0.00892746
-0.9432,-0.00046443
-0.4177,0.011326267
0.1247,0.020074737
0.9557,0.037059687
1.324,0.042106657
1.643,0.047831856
2.202,0.064237157
2.767,0.067122024
3.301,0.077507309
4.002,0.092422675
4.596,0.100638195
5.274,0.111063853
5.906,0.11842427
6.598,0.13194721
7.27,0.149118243
7.92,0.160082498
8.626,0.171026539
9.333,0.178619489
10.01,0.192538889
10.66,0.207799643
11.41,0.218544993
12.12,0.232092215
12.84,0.23959467
13.59,0.255499395
14.3,0.267825588
15.03,0.283527388
15.84,0.295497457
16.49,0.317910589
17.23,0.330851695
18.02,0.344576015
18.72,0.367606719
19.38,0.388012731
20.23,0.401315199
20.86,0.408919574
21.5,0.42765891
22.39,0.445552044
22.99,0.461491559
23.65,0.48836529
24.36,0.499612152
25.03,0.515406493
25.73,0.532855884
26.43,0.542176729
27.1,0.565093746
27.76,0.583602182
28.45,0.593981877
29.09,0.618650979
29.88,0.633673487
30.42,0.644619797
31.12,0.670476522
31.88,0.691375279
32.53,0.704109037
33.13,0.721603826
33.8,0.742752689
34.46,0.757941955
35.15,0.77912255
35.69,0.800830258
36.26,0.814895579
35.92,0.814956933
35.75,0.817936504
34.46,0.803455468
34.37,0.805504816
34.45,0.793202152
34.36,0.802793666
32.95,0.780467378
31.6,0.77222679
30.44,0.757834025
29.21,0.737940476
27.99,0.724348084
26.95,0.706734677
25.86,0.700402792
24.68,0.674100532
23.61,0.670101871
22.69,0.648479018
21.59,0.63225732
20.64,0.618790112
19.47,0.599423021
18.64,0.591496634
17.64,0.574242287
16.72,0.550906719
15.74,0.53310705
14.78,0.527130707
13.84,0.511879537
12.98,0.501114842
12.09,0.477383279
11.18,0.471035423
10.34,0.445613095
9.463,0.43762228
8.632,0.422165848
7.848,0.408369467
7.051,0.392029187
6.331,0.380803878
5.487,0.365080177
4.695,0.346340315
4.054,0.329285159
3.246,0.320550519
2.672,0.311424402
1.998,0.300604453
1.383,0.285769071
0.8247,0.269879646
0.1935,0.265899573
-0.3703,0.247006196
-0.8971,0.251893083
-1.3,0.237234357
-1.633,0.227656227
-2.165,0.218870268
-2.684,0.21256722
-3.141,0.202617619
-3.488,0.190215092
-3.893,0.184016316
-4.348,0.179805699
-4.973,0.162153408
-5.588,0.158552932
-6.21,0.137020933
-6.915,0.126123117
-7.482,0.11423915
-8.154,0.094307267
-8.758,0.095040419
-9.462,0.072111404
-10.1,0.056194453
-10.63,0.046023732
-11.4,0.031371298
-11.89,0.009392639
-12.42,0.007003748
-13.12,-0.016550256
-13.62,-0.032184063
-14.02,-0.050900886
-14.6,-0.060682392
-15.17,-0.076468792
-15.51,-0.092509227
-16.38,-0.11336269
-16.7,-0.137707714
-17.33,-0.151330826
-18.33,-0.182999794
-18.64,-0.203612314
-19.39,-0.226533606
-19.61,-0.240731151
-19.99,-0.253028159
-20.27,-0.276840871
-20.45,-0.291003296
-20.78,-0.30293387
-21.43,-0.31763826
-21.28,-0.338669939
-21.71,-0.359691282
-21.79,-0.375809284
-22.07,-0.385813079
-22.4,-0.403515533
-22.48,-0.422884792
-22.69,-0.44130018
-22.98,-0.454781003
-23.17,-0.471099408
-23.3,-0.493317723
-23.52,-0.510465027
-23.76,-0.523120238
-24.01,-0.537455399
-24.19,-0.555776483
-24.4,-0.570259895
-24.5,-0.590217233
-24.69,-0.603820718
-24.99,-0.625405831
-25.2,-0.640772589
-25.35,-0.655817426
-25.48,-0.672984402
-25.6,-0.692245268
-25.92,-0.705776253
-26.18,-0.718441698
-26.26,-0.74127302
-26.32,-0.760267561
-26.64,-0.770249673
-26.89,-0.791671768
-26.98,-0.799757753
-27.04,-0.825486748
-27.37,-0.834600954
-27.58,-0.860230594
-27.66,-0.875541966
-27.76,-0.895669863
-28.04,-0.903582897
-28.29,-0.926905651
-28.46,-0.941698398
-28.49,-0.958084583
-28.73,-0.978967236
-28.94,-0.998109395
-29.16,-1.011779007
-29.29,-1.031233049
-29.43,-1.04800098
-29.58,-1.063586911
-29.71,-1.07850078
-29.75,-1.080277469
-29.58,-1.077796291
-29,-1.08994251
-28.86,-1.087936543
-28.76,-1.082306447
-29.04,-1.086962657
-28.1,-1.074034872
-28.26,-1.061150176
-27.66,-1.045879385
-27.41,-1.028560244
-27.09,-1.011614962
-26.67,-0.993515835
-26.43,-0.978735081
-26.35,-0.953253658
-25.8,-0.943734584
-25.7,-0.930862477
-25.28,-0.91428571
-25.2,-0.892062623
-24.76,-0.871222711
-24.7,-0.864176736
-24.2,-0.843662868
-24.2,-0.83025516
-23.71,-0.80322152
-23.62,-0.793577664
-23.27,-0.787217234
-23.02,-0.764634787
-22.9,-0.744636978
-22.47,-0.734177145
-22.21,-0.712096517
-22.16,-0.696908011
-21.55,-0.685025547
-21.73,-0.661947119
-21.19,-0.653087678
-21.03,-0.635946989
-20.82,-0.617145804
-20.39,-0.608066471
-20.46,-0.59453234
-20.1,-0.57833642
-19.93,-0.559989909
-19.11,-0.549953493
-18.89,-0.526344601
-19.07,-0.507825044
-18.62,-0.48770826
-18.46,-0.465669779
-17.96,-0.458584404
-17.77,-0.443992194
-17.34,-0.422766537
-16.87,-0.419488132
-16.5,-0.387251937
-16.1,-0.386227561
-15.57,-0.360527744
-15.07,-0.349368594
-14.66,-0.33333395
-13.97,-0.315318697
-13.65,-0.302028603
-13.06,-0.289988225
-12.41,-0.275757208
-11.92,-0.25327191
-11.35,-0.241060471
-10.61,-0.225476231
-10.15,-0.212480731
-9.561,-0.197054928
-8.901,-0.184926315
-8.277,-0.176356844
-7.622,-0.159743798
-6.971,-0.143366109
-6.188,-0.128838363
-5.491,-0.116607202
-4.924,-0.102563742
-4.142,-0.088470334
-3.505,-0.072080208
-2.892,-0.065829332
-2.244,-0.058508065
-1.768,-0.044227613
-1.141,-0.033649295
-0.6109,-0.015484355
-0.1169,-0.007275849
0.4742,-0.001345374
0.8237,0.007390554
1.103,0.013575779
1.485,0.010794376
1.897,0.030955097
2.575,0.04043871
3.04,0.050881748
3.56,0.056604716
4.293,0.065872878
4.86,0.082763055
5.552,0.092366959
6.166,0.105292946
6.816,0.122436693
7.506,0.127362556
8.13,0.137500709
8.818,0.150264018
9.431,0.173516628
10.13,0.181584079
10.87,0.194034082
11.48,0.205085139
12.14,0.227762808
13.01,0.236373374
13.56,0.247299762
14.37,0.264213558
15.03,0.27530893
15.79,0.297445641
16.49,0.313096342
17.06,0.318866472
17.9,0.338127828
18.6,0.35386949
19.32,0.36805572
20,0.387737983
20.69,0.400405203
21.44,0.422321278
21.94,0.433612553
22.87,0.450885989
23.34,0.470797439
24.24,0.486754413
24.82,0.501588881
25.6,0.525764599
26.24,0.536876458
26.86,0.556336577
27.63,0.574222073
28.29,0.595446558
29.02,0.610847024
29.66,0.620870342
30.32,0.638408784
31.13,0.654507181
31.81,0.678161538
32.41,0.691254622
33.21,0.715942389
33.98,0.722013132
34.52,0.744426232
35.24,0.758899687
35.99,0.77900169
36.61,0.793847141
37.2,0.812260698
37.79,0.83931446
38.36,0.856716086
38.83,0.876908294
39.4,0.897454285
39.86,0.914973996
40.17,0.936597789
40.64,0.950093684
40.8,0.973543356
41.17,0.990275588
41.52,1.002672927
41.6,1.022505026
41.86,1.045472402
42.15,1.063257782
42.19,1.077249304
42.46,1.093496589
42.46,1.110510512
42.72,1.127388349
42.75,1.141679916
42.91,1.154166748
42.94,1.172891293
43.11,1.186546861
43.08,1.198008645
43.21,1.207344997
43.16,1.214848481
43.27,1.226744048
43.12,1.232785572
43.1,1.241289715
43.11,1.241482177
42.92,1.250842078
42.73,1.245000227
42.76,1.249796504
42.64,1.256872239
42.37,1.251662132
42.36,1.256776685
42.27,1.251270191
42.17,1.255314669
42.35,1.258111067
42.09,1.256937428
42.23,1.253095477
42.22,1.260184617
42.21,1.263378533
42.2,1.264897951
42.27,1.268242986
42.28,1.268826708
42.29,1.267401168
42.39,1.273431901
42.46,1.275382621
41.7,1.263950176
41.33,1.26433394
41.23,1.262130527
38.01,1.228222841
37.75,1.22172986
37.64,1.219272927
37.97,1.223368931
37.54,1.225665337
36.92,1.21872986
35.77,1.203768457
34.21,1.179016021
33.26,1.155028228
32.34,1.14352823
30.84,1.126492558
29.38,1.096153037
28.52,1.074197339
27.53,1.058024242
26.12,1.03364549
25.03,1.013125559
24.25,0.995329284
23.12,0.975204953
22,0.960101717
21.31,0.930782308
20.4,0.919261661
19.08,0.906165821
18.31,0.878953295
17.58,0.854245122
16.41,0.833699681
15.76,0.81288366
14.75,0.804782743
13.96,0.771295209
13.27,0.755911099
12.28,0.734921982
11.59,0.717987859
11.04,0.696537459
10.35,0.679632352
9.801,0.677844294
9.161,0.658089524
8.481,0.642142438
7.868,0.627179746
7.167,0.620907253
6.468,0.606274697
5.81,0.589588572
5.051,0.571862522
4.444,0.557038067
3.701,0.542322417
3.093,0.519744907
2.434,0.513201854
1.775,0.494678981
1.266,0.480056181
0.7344,0.464205921
0.1794,0.443493121
-0.275,0.4407351
-0.7948,0.424590752
-1.189,0.417187001
-1.52,0.403461834
-1.836,0.395112777
-2.486,0.37964204
-2.824,0.367888115
-3.26,0.361233751
-3.56,0.35087438
-3.859,0.343413499
-4.44,0.33251693
-4.816,0.317166119
-5.57,0.30624336
-5.978,0.289270313
-6.675,0.280824809
-7.103,0.262576571
-7.748,0.246450209
-8.271,0.233895425
-8.805,0.214468587
-9.363,0.205967024
-9.957,0.192063746
-10.49,0.175939491
-10.98,0.162232232
-11.54,0.150501862
-12.14,0.142340794
-12.58,0.123773211
-13.17,0.104463636
-13.62,0.090808868
-14.12,0.070632799
-14.54,0.061569149
-14.91,0.04085799
-15.47,0.024686872
-15.91,0.007021556
-16.13,-0.007103055
-16.68,-0.02232526
-17.17,-0.042097732
-17.38,-0.054158972
-17.92,-0.069966947
-18.09,-0.087787985
-18.62,-0.09699378
-18.94,-0.114533774
-19.23,-0.139878546
-19.68,-0.147238374
-19.77,-0.169970082
-20.26,-0.181242826
-20.41,-0.210343728
-20.66,-0.216224589
-21.39,-0.227193569
-21.23,-0.25027403
-21.47,-0.265567359
-21.71,-0.283219777
-21.93,-0.296233186
-22.22,-0.310532889
-22.28,-0.333423471
-22.53,-0.349750563
-22.86,-0.355665258
-22.86,-0.37737025
-23.1,-0.392323009
-23.4,-0.407967608
-23.42,-0.425569498
-23.59,-0.444372907
-24,-0.452053298
-24.03,-0.477796976
-24.1,-0.489462918
-24.56,-0.507670844
-24.56,-0.529938953
-24.65,-0.544012561
-25.12,-0.56294348
-25.08,-0.576212914
-25.17,-0.592845322
-25.61,-0.608661501
-25.64,-0.625348322
-25.7,-0.643228633
-26.07,-0.65662643
-26.24,-0.670036934
-26.19,-0.687324834
-26.51,-0.701719685
-26.79,-0.71822769
-26.68,-0.734510676
-26.97,-0.742781502
-27.22,-0.774445095
-27.26,-0.778079375
-27.35,-0.802061669
-27.59,-0.823310249
-27.82,-0.833654742
-27.98,-0.847096266
-28,-0.864909422
-28.11,-0.879502009
-28.44,-0.903027684
-28.65,-0.913187847
-28.75,-0.930374188
-28.75,-0.94604858
-28.9,-0.959374573
-29.29,-0.971431539
-29.38,-1.006990753
-29.33,-1.018094623
-29.64,-1.029962221
-29.96,-1.037083137
-29.94,-1.059081353
-29.95,-1.079545938
-30.31,-1.094515513
-30.48,-1.108973725
-30.44,-1.130912048
-30.63,-1.140633645
-31,-1.16102517
-30.97,-1.170981301
-31.05,-1.191691332
-31.26,-1.204340712
-31.59,-1.224789416
-31.44,-1.235471757
-31.63,-1.254022623
-31.94,-1.274854171
-32.01,-1.29291095
-32.02,-1.313980853
-32.15,-1.323486661
-32.45,-1.342182789
-32.56,-1.359710777
-32.52,-1.378640764
-32.7,-1.399549475
-33.01,-1.413423943
-33.06,-1.424678142
-33.02,-1.445746151
-33.22,-1.462614467
-33.55,-1.478155395
-33.45,-1.487259542
-33.64,-1.51254237
-33.8,-1.526465066
-33.96,-1.549298255
-33.98,-1.56137026
-34.12,-1.576230832
-34.48,-1.590504446
-34.64,-1.613235088
-34.93,-1.631187658
-35.03,-1.649230045
-35.37,-1.665244769
-35.51,-1.688036006
-35.72,-1.709213417
-35.67,-1.722235645
-36.19,-1.739315177
-36.24,-1.762765205
-36.5,-1.778419312
-36.57,-1.800364058
-36.85,-1.820397214
-36.91,-1.833371545
-37.25,-1.85180374
-37.22,-1.874093973
-37.62,-1.888674984
-37.69,-1.915585175
-37.78,-1.931235327
-37.96,-1.952100837
-38.23,-1.970173072
-38.28,-1.987812542
-38.53,-2.014414231
-38.58,-2.032468557
-38.74,-2.051938258
-38.99,-2.067086564
-39.06,-2.097201018
-39.13,-2.119358942
-39.36,-2.140509117
-39.53,-2.160388487
-39.53,-2.189290829
-39.72,-2.21418079
-39.95,-2.236449062
-39.97,-2.257269256
-39.98,-2.283474833
-40.31,-2.300974839
-40.15,-2.333548952
-40.5,-2.350421413
-40.3,-2.379473115
-40.09,-2.39430499
-39.89,-2.394699299
-39.57,-2.386854423
-39.54,-2.396122461
-36.02,-2.427961976
-36.14,-2.41901728
-36.43,-2.431164116
-35.95,-2.42310054
-36.21,-2.423545106
-36.45,-2.42178487
-35.92,-2.421266607
-36.28,-2.431513216
-36.42,-2.42679058
-35.91,-2.422416413
-36.31,-2.430352325
-36.4,-2.428182324
-35.92,-2.425610238
-36.4,-2.42425824
-36.37,-2.420549173
-35.9,-2.425686074
-36.42,-2.426014176
-36.37,-2.420848261
-35.91,-2.424322741
-36.43,-2.427625071
-36.35,-2.422022191
-35.11,-2.405669476
-34.87,-2.386689698
-34.42,-2.372080623
-33.46,-2.344067976
-33.08,-2.333603673
-32.3,-2.309421078
-32.22,-2.287303459
-31.57,-2.271804866
-31.61,-2.246022134
-30.97,-2.234973159
-31.02,-2.209026352
-30.46,-2.192958434
-30.41,-2.164005535
-29.96,-2.143605211
-29.72,-2.121761108
-29.57,-2.107720607
-29.36,-2.088621565
-28.95,-2.068870821
-28.63,-2.0518684
-28.48,-2.036507759
-28.39,-2.016267736
-28.01,-1.999178917
-27.63,-1.977803417
-27.47,-1.964804007
-27.42,-1.938351128
-27,-1.924150785
-26.74,-1.902386755
-26.74,-1.89043697
-26.45,-1.870759187
-26.08,-1.859444768
-25.76,-1.834577644
-25.93,-1.819435556
-25.6,-1.799464756
-25.11,-1.775476751
-25.1,-1.754601815
-25.13,-1.749165531
-24.64,-1.725855958
-24.4,-1.696819845
-24.52,-1.687416935
-24.14,-1.669881331
-23.67,-1.65837611
-23.79,-1.633179795
-23.66,-1.621906164
-23.25,-1.595929026
-23.08,-1.576372432
-23.17,-1.563023949
-22.85,-1.54435109
-22.44,-1.526668993
-22.44,-1.509481941
-22.31,-1.49330291
-22.03,-1.480745807
-21.73,-1.459608972
-21.51,-1.442406199
-21.43,-1.423607452
-21.29,-1.409293405
-21.12,-1.388572606
-20.95,-1.371817454
-20.48,-1.349552002
-20.38,-1.34071138
-20.28,-1.312237412
-20.15,-1.299138856
-20,-1.282691028
-19.77,-1.263628416
-19.18,-1.24188672
-19.22,-1.224571302
-18.83,-1.206476283
-18.56,-1.186109877
-18.41,-1.174689039
-18.17,-1.158544904
-17.7,-1.133370756
-17.27,-1.118446401
-16.87,-1.097645168
-16.77,-1.082042051
-16.34,-1.062600864
-15.64,-1.048349514
-15.44,-1.028513572
-15.01,-1.008301052
-14.62,-0.991084365
-13.89,-0.972157193
-13.49,-0.95047576
-13.29,-0.935576503
-12.77,-0.921251961
-12.07,-0.893672653
-11.73,-0.878673505
-11.35,-0.856402786
-10.77,-0.835577967
-10.17,-0.818516037
-9.72,-0.799954239
-9.41,-0.784182069
-8.816,-0.76748234
-8.15,-0.745605348
-7.76,-0.732758922
-7.302,-0.715980691
-6.684,-0.700413673
-6.108,-0.680148481
-5.626,-0.66584116
-5.168,-0.653037952
-4.596,-0.630274711
-3.995,-0.61789064
-3.536,-0.601770234
-3.131,-0.591959388
-2.702,-0.577836851
-2.097,-0.558090628
-1.74,-0.546749881
-1.342,-0.533162401
-0.8417,-0.521068739
-0.4052,-0.505953327
-0.06172,-0.49163465
0.3281,-0.484716641
0.7513,-0.471599867
0.9635,-0.456632155
1.201,-0.44070581
1.594,-0.437809417
1.916,-0.434514298
2.37,-0.412586197
2.726,-0.403192476
3.235,-0.391388996
3.606,-0.372285822
4.088,-0.35666611
4.504,-0.348762418
4.969,-0.322519599
5.422,-0.309384777
5.907,-0.29189866
6.32,-0.275176541
6.773,-0.261562291
7.273,-0.248301611
7.678,-0.233825078
8.115,-0.221386544
8.577,-0.201342473
9.043,-0.179353166
9.42,-0.173688246
10.02,-0.149891294
10.35,-0.134172856
10.74,-0.114788256
11.39,-0.093982518
11.71,-0.076859266
12.08,-0.062103744
12.74,-0.041583649
13.04,-0.027836699
13.46,-0.007772043
14.06,0.009730446
14.36,0.021594091
14.81,0.031610978
15.35,0.051275652
15.68,0.071503224
16.15,0.087820057
16.67,0.098887968
16.98,0.115225552
17.46,0.13677405
17.91,0.147274712
18.28,0.166047265
18.7,0.183052559
19.21,0.19321265
19.53,0.211861735
19.94,0.221701098
20.32,0.232591646
20.75,0.247243591
21.12,0.264196618
21.42,0.277917792
21.85,0.301306701
22.28,0.31009504
22.59,0.320486102
22.92,0.337967825
23.35,0.356565908
23.61,0.366313221
24.09,0.377448247
24.36,0.397426531
24.59,0.410059031
25.11,0.429742357
25.33,0.434343893
25.68,0.45191836
25.99,0.459467333
26.3,0.481560074
26.66,0.489834459
26.87,0.499509302
27.29,0.513096103
27.5,0.518229883
27.81,0.537021671
28.08,0.552818375
28.58,0.567400434
28.75,0.577441496
28.97,0.591226984
29.51,0.605553522
29.71,0.621170103
29.99,0.625047549
30.37,0.649687961
30.69,0.664978866
31.03,0.673780533
31.37,0.691241026
31.74,0.70599955
32.04,0.715234839
32.28,0.727224549
32.75,0.749708406
33,0.765776704
33.43,0.777442991
33.62,0.790961369
34.13,0.80815477
34.34,0.829108145
34.74,0.839607878
35,0.857727996
35.38,0.868409773
35.75,0.891548526
36.11,0.907169355
36.42,0.921218115
36.68,0.938560434
36.79,0.943130533
36.32,0.941313359
34.32,0.935765633
34,0.929208558
30.58,0.892353572
27.89,0.846564005
25.37,0.800992127
22.92,0.755369236
20.62,0.719367423
18.45,0.679344185
16.25,0.628176459
14.17,0.587353469
12.18,0.547664779
10.22,0.509720944
8.444,0.469592783
6.667,0.42564808
5.131,0.386498835
3.545,0.348602184
2.123,0.313905025
0.7784,0.277876941
-0.4391,0.252187493
-1.393,0.216300792
-2.445,0.189069388
-3.403,0.156911584
-4.381,0.142907008
-5.652,0.107549069
-6.916,0.069095819
-8.235,0.033368757
-9.478,-0.004736788
-10.73,-0.04083288
-11.98,-0.089242133
-13.17,-0.126865099
-14.19,-0.168316411
-15.21,-0.206456231
-16.04,-0.245691416
-16.98,-0.292659286
-17.79,-0.324757292
-18.63,-0.368642024
-19.29,-0.418198775
-19.78,-0.456282529
-20.44,-0.507812874
-21.19,-0.546455309
-21.71,-0.591427981
-22.07,-0.628851423
-22.48,-0.677223735
-22.85,-0.724451924
-23.36,-0.761455997
-23.71,-0.8037202
-24.06,-0.846727767
-24.5,-0.896201464
-24.94,-0.941383028
-25.28,-0.983451621
-25.59,-1.027228177
-25.97,-1.074191263
-26.36,-1.114444087
-26.75,-1.154541369
-27.13,-1.191409253
-27.45,-1.237744096
-27.74,-1.283840883
-28.07,-1.324602656
-28.43,-1.37182799
-28.75,-1.42120974
-29.08,-1.464202262
-29.43,-1.503538657
-29.77,-1.546249633
-30.1,-1.583530186
-30.46,-1.637052354
-30.81,-1.674691259
-31.18,-1.726522872
-31.54,-1.764754444
-31.89,-1.81711299
-32.22,-1.855877259
-32.55,-1.898717245
-32.89,-1.94677722
-33.21,-1.993317174
-33.52,-2.041569365
-33.85,-2.076991389
-34.33,-2.123799771
-35.1,-2.170830507
-35.65,-2.213612743
-36.08,-2.262205949
-36.75,-2.307124183
-37.3,-2.341265767
-37.9,-2.392241357
-38.46,-2.436342655
-38.85,-2.491471671
-36.38,-2.488646945
-36.34,-2.481791043
-36.49,-2.492598894
-34.23,-2.410100135
-32.25,-2.321409369
-30.72,-2.220796485
-29.49,-2.118769947
-28.22,-2.037672677
-26.83,-1.942073247
-25.88,-1.856140101
-24.84,-1.757638885
-24.01,-1.683543799
-22.68,-1.579577972
-21.86,-1.506563272
-21.06,-1.407284358
-20.03,-1.320174358
-18.51,-1.224637957
-17.36,-1.136106772
-15.32,-1.05983799
-12.9,-0.963532457
-10.6,-0.865580826
-8.184,-0.775160841
-5.484,-0.695077381
-2.883,-0.624674468
-0.6992,-0.554710014
1.07,-0.488156981
2.915,-0.428633496
5.02,-0.35741431
7.267,-0.282694163
9.501,-0.197027175
11.74,-0.118367605
13.93,-0.026563248
16.11,0.059750595
18.18,0.135206882
20.14,0.209358714
21.9,0.279540075
23.64,0.350910979
25.3,0.413605207
26.92,0.48113074
28.48,0.554934943
30.31,0.623178747
32.13,0.690985447
34.03,0.766287908
36.06,0.861235137
37.57,0.928940492
38.47,0.976955822
39.18,1.016626099
40.05,1.062085806
40.62,1.109129999
41.36,1.15803899
42.03,1.21174556
42.6,1.278366176
43.11,1.34692724
43.84,1.424995862
42.19,1.425404861
39.72,1.415689103
34.81,1.338785729
29.65,1.232926308
25.04,1.129073649
20.77,1.031264207
16.67,0.932055298
12.94,0.834157811
10.11,0.74224135
7.3,0.659652566
4.344,0.579193257
1.737,0.48968226
-0.4677,0.408745722
-2.287,0.354800279
-3.993,0.294532352
-6.203,0.219844578
-8.307,0.143207799
-10.47,0.062641854
-12.59,-0.020548421
-14.44,-0.105633297
-16.18,-0.197592353
-17.73,-0.271843497
-19.11,-0.366544793
-20.23,-0.446563997
-21.7,-0.532245405
-22.23,-0.629598518
-22.95,-0.715089439
-23.77,-0.79670248
-24.55,-0.889482361
-25.31,-0.978641031
-25.95,-1.062893154
-26.72,-1.152205336
-27.29,-1.239927087
-28.14,-1.324433387
-28.68,-1.418185013
-29.44,-1.507982085
-29.98,-1.59316091
-30.73,-1.680729326
-31.33,-1.776392131
-32.03,-1.860551415
-32.64,-1.950494361
-33.31,-2.037213591
-33.93,-2.124013878
-34.91,-2.21072323
-35.94,-2.301349311
-36.94,-2.378899489
-37.81,-2.452712904
-38.49,-2.524304485
-39.24,-2.589819637
-39.8,-2.689043312
-40.19,-2.763830973
-40.49,-2.872185019
-40.62,-2.978612264
-40.64,-3.104637356
-40.58,-3.24194207
-40.33,-3.38501507
-39.89,-3.544385058
-39.63,-3.705612492
-39.11,-3.863836762
-38.59,-4.035376664
-37.71,-4.1643922
-37.66,-4.156108769
-32.95,-4.107669683
-31.45,-3.985776305
-30.36,-3.861539613
-29.08,-3.756868665
-28.06,-3.643365256
-26.94,-3.526754105
-26.01,-3.412433066
-24.99,-3.307360265
-24.01,-3.189655546
-23.1,-3.090326627
-21.96,-2.970217506
-21.18,-2.86868043
-19.89,-2.755041454
-18.09,-2.626889538
-16.61,-2.526886035
-14.54,-2.398389992
-12.19,-2.281837877
-9.953,-2.165405304
-7.874,-2.058308176
-5.707,-1.957400223
-3.826,-1.855736057
-2.054,-1.767321478
-0.4385,-1.675306201
0.9839,-1.600495057
2.279,-1.535085274
3.802,-1.450648414
5.415,-1.355478505
6.95,-1.263508822
8.533,-1.175833754
10.02,-1.081693484
11.44,-0.985175852
12.92,-0.894032978
14.33,-0.801500708
15.64,-0.709467437
16.99,-0.609208697
18.39,-0.525143262
19.67,-0.436946096
20.91,-0.34932343
22.09,-0.269493127
23.24,-0.197050575
24.03,-0.139541824
24.81,-0.081684856
25.61,-0.020680586
26.51,0.04466919
27.46,0.105310866
28.41,0.170528008
29.4,0.239575023
30.47,0.313680519
31.5,0.394793273
32.7,0.482991513
33.76,0.562779797
34.96,0.643837056
36.1,0.727824404
37.13,0.820973392
38.28,0.902748489
39.33,0.992644759
40.2,1.088334252
40.87,1.174258681
35.95,1.148755417
30.96,1.054304393
26.56,0.95763016
22.45,0.861021564
18.55,0.767844178
15.1,0.677701279
11.94,0.590488589
9.135,0.491307255
6.515,0.400106464
3.846,0.313908784
1.535,0.229227432
-0.4505,0.159800342
-2.04,0.084115054
-3.652,0.026653247
-5.509,-0.041067211
-7.408,-0.125854509
-9.241,-0.207433114
-11,-0.300954632
-12.62,-0.389429284
-14.18,-0.480774407
-15.61,-0.568485548
-16.89,-0.660782016
-18.07,-0.746915554
-19.01,-0.84126874
-19.93,-0.933661729
-20.68,-1.027784426
-21.27,-1.120095595
-22.15,-1.213491574
-22.73,-1.310075509
-23.24,-1.418166016
-23.83,-1.51023238
-24.26,-1.612611554
-24.87,-1.698577859
-25.26,-1.797289304
-25.83,-1.897723176
-26.29,-1.997174338
-26.77,-2.092163355
-27.17,-2.186142565
-27.67,-2.29341397
-28.03,-2.38664897
-28.57,-2.487007779
-28.98,-2.590570215
-29.4,-2.688681874
-29.79,-2.786891777
-30.31,-2.889334032
-30.6,-2.99530653
-30.97,-3.086786983
-31.32,-3.193909055
-31.62,-3.289706738
-32.03,-3.378201132
-32.46,-3.483617311
-32.86,-3.581361084
-33.31,-3.681044821
-33.77,-3.776084965
-34.19,-3.86598812
-34.58,-3.979401357
-35,-4.075355236
-35.26,-4.164712258
-34.33,-4.207173763
-32.28,-4.153955259
-30.76,-4.048614359
-29.63,-3.941929826
-28.52,-3.84048611
-27.44,-3.731794394
-26.63,-3.640890753
-25.64,-3.535611247
-24.85,-3.434595447
-23.92,-3.328709778
-23.04,-3.235869398
-22.18,-3.132669823
-21.36,-3.039102356
-20.61,-2.940451677
-19.79,-2.849222378
-18.56,-2.754127241
-17.04,-2.644903144
-15.26,-2.535505348
-13.5,-2.427874249
-11.74,-2.329427729
-9.783,-2.221824982
-7.877,-2.117948826
-5.995,-2.016880857
-4.239,-1.927918299
-2.577,-1.837365942
-0.9971,-1.749020475
0.4906,-1.666104739
1.605,-1.606097634
3.056,-1.525468151
4.594,-1.435408543
6.109,-1.341534004
7.599,-1.256665295
9.091,-1.164576564
10.6,-1.070391438
12.01,-0.980082339
13.38,-0.883675525
14.8,-0.788568893
16.17,-0.697880828
17.44,-0.606499074
18.67,-0.512170627
19.9,-0.424970366
21.11,-0.342949531
22.35,-0.256786006
23.19,-0.177348507
24.19,-0.112547241
25.17,-0.040164733
26.1,0.025930982
27.06,0.1003138
28.06,0.185386298
29.17,0.256322014
30.29,0.338180989
31.37,0.424743219
32.62,0.51740545
33.71,0.605922971
34.99,0.690393925
36.28,0.783580588
37.37,0.868431031
38.72,0.961428412
39.56,1.051716431
40.22,1.139676273
40.92,1.232382993
41.38,1.325364577
41.59,1.424677525
41.53,1.535396722
41.42,1.639784887
41.42,1.759988111
41.3,1.880275981
41.17,1.996840948
40.93,2.13645431
39.98,2.202277246
37.38,2.211023705
35.68,2.188597745
31.41,2.075247009
27.53,1.943530944
23.98,1.826699028
21.12,1.707942775
18.12,1.59236295
15.6,1.478556173
13.17,1.378807706
10.97,1.276763633
9.26,1.190069623
7.334,1.096857749
5.301,0.999334556
3.445,0.906074688
1.688,0.810438335
-0.00391,0.720875575
-1.366,0.635797579
-2.714,0.564155392
-3.858,0.488962706
-5.305,0.401371861
-6.793,0.31607429
-8.171,0.222162851
-9.511,0.128057153
-10.78,0.037494786
-12,-0.060171539
-13.19,-0.153931101
-14.28,-0.249598838
-15.38,-0.345654524
-16.39,-0.445499629
-17.28,-0.552982196
-18.16,-0.642197806
-18.95,-0.733317414
-19.62,-0.832228554
-20.26,-0.937961235
-20.79,-1.036737445
-21.25,-1.131459477
-21.99,-1.229056552
-22.47,-1.327595483
-22.89,-1.424974957
-23.28,-1.530946053
-23.86,-1.6264359
-24.15,-1.721967133
-24.5,-1.829454469
-25.03,-1.931237539
-25.41,-2.017906257
-25.77,-2.117940117
-26.22,-2.211725724
-26.55,-2.317288051
-27.04,-2.416161642
-27.31,-2.510249017
-27.78,-2.599337594
-28.15,-2.712523176
-28.53,-2.803836793
-28.94,-2.894175504
-29.26,-2.983028488
-29.72,-3.079700607
-30.1,-3.176873626
-30.45,-3.273184638
-30.78,-3.366538849
-31.12,-3.456919556
-31.48,-3.549811064
-31.94,-3.646353597
-32.23,-3.727768808
-32.51,-3.824742453
-32.78,-3.919276056
-33.23,-4.016009961
-33.46,-4.111943351
-33.8,-4.201428436
-34.11,-4.303163096
-34.38,-4.419760512
-34.56,-4.542951175
-34.8,-4.659479555
-34.91,-4.787820072
-34.93,-4.917296509
-34.94,-5.060094312
-34.97,-5.220365976
-34.55,-5.376282443
-33.87,-5.394288596
-32.82,-5.364544403
-31.19,-5.257346388
-29.99,-5.150931096
-29.06,-5.046177419
-28.17,-4.939148509
-27.2,-4.835406476
-26.46,-4.722693173
-25.68,-4.625481263
-24.84,-4.514217769
-24.02,-4.419628051
-23.1,-4.309571144
-22.28,-4.204302486
-21.53,-4.097244818
-20.51,-3.988169548
-19.33,-3.86650028
-17.96,-3.755870935
-16.33,-3.627308253
-14.72,-3.509037465
-13,-3.379657451
-11.25,-3.262768402
-9.65,-3.159285406
-8.099,-3.042038654
-6.556,-2.933458128
-5.126,-2.822848585
-3.73,-2.712070658
-2.535,-2.616004325
-1.323,-2.520768649
-0.1148,-2.433092395
0.9719,-2.339388076
1.964,-2.265697779
3.103,-2.17259014
4.365,-2.07914968
5.549,-1.974148486
6.771,-1.886963771
7.906,-1.788303224
9.087,-1.686428032
10.24,-1.592007601
11.23,-1.488326622
12.38,-1.385072457
13.43,-1.287154372
14.45,-1.184399669
15.51,-1.081770971
16.41,-0.985132285
17.37,-0.877958691
18.36,-0.779849005
19.2,-0.683539151
20,-0.590350115
20.92,-0.50652733
21.6,-0.422121984
22.27,-0.32595508
23.01,-0.246288944
23.67,-0.182785775
24.32,-0.102704254
24.85,-0.026173006
25.58,0.054421179
26.14,0.14295399
26.77,0.218320487
27.56,0.311581971
28.1,0.396607513
28.83,0.486829337
29.49,0.573595282
30.09,0.670566201
30.66,0.754148532
31.47,0.85365667
32.06,0.950094004
32.87,1.047531363
33.35,1.141968249
34.07,1.242399293
34.76,1.339007218
35.38,1.442897198
35.76,1.541897555
36.43,1.656003854
36.98,1.751291574
36.6,1.8146441
34.61,1.829174193
30.11,1.738943858
27.09,1.638944285
24.53,1.541341876
22.1,1.447623295
19.79,1.341829794
17.59,1.248958116
15.47,1.13864239
13.38,1.051959594
11.44,0.945318264
9.677,0.849282455
8.026,0.752898518
6.373,0.661436431
4.701,0.574727269
3.028,0.472472894
1.425,0.379715125
-0.01823,0.29018656
-1.302,0.202922414
-2.572,0.12922146
-3.695,0.056965567
-4.941,-0.029296519
-6.233,-0.118583722
-7.496,-0.222078182
-8.742,-0.316743654
-9.922,-0.41099154
-11.08,-0.514114646
-12.19,-0.603697441
-13.25,-0.702723465
-14.26,-0.805352109
-15.26,-0.90582073
-16.18,-1.009742308
-17.01,-1.111303899
-17.87,-1.208647698
-18.61,-1.304756315
-19.33,-1.416700895
-19.95,-1.510249947
-20.49,-1.611194115
-21.08,-1.710316921
-21.56,-1.808897219
-21.99,-1.924900669
-22.46,-2.025772172
-22.84,-2.12841197
-23.09,-2.222879399
-23.6,-2.328537356
-23.91,-2.424069165
-24.3,-2.535838223
-24.59,-2.628186093
-24.83,-2.733142164
-25.31,-2.840996892
-25.58,-2.931622561
-25.88,-3.0282064
-26.22,-3.127251703
-26.44,-3.230840955
-26.9,-3.32493056
-27.15,-3.425312326
-27.38,-3.522398554
-27.74,-3.620773781
-28.06,-3.707719752
-28.34,-3.801856738
-28.71,-3.903177026
-28.97,-4.010055057
-29.21,-4.106781583
-29.56,-4.202052328
-29.8,-4.306677913
-30.28,-4.405852828
-30.53,-4.500021873
-30.82,-4.602924332
-31.13,-4.708273783
-31.48,-4.800665371
-31.76,-4.908222747
-31.94,-5.007478878
-32.3,-5.115016551
-32.72,-5.220410983
-32.59,-5.340186814
-30.48,-5.395325889
-30.68,-5.41316327
-30.85,-5.402768914
-28.61,-5.236024543
-27.46,-5.096487069
-25.98,-4.944390358
-24.97,-4.793692409
-23.72,-4.644461586
-22.62,-4.501012045
-21.26,-4.352175863
-20.29,-4.202310679
-18.27,-4.031140435
-16.58,-3.872744939
-14.39,-3.704057846
-12,-3.527691268
-9.718,-3.34929127
-7.667,-3.182492457
-5.695,-3.023035338
-3.889,-2.865736495
-2.176,-2.716964545
-0.4208,-2.576140417
1.148,-2.44433644
2.676,-2.326625998
4.438,-2.183111276
6.08,-2.02808938
7.824,-1.882975994
9.092,-1.734647374
11.02,-1.574227501
12.7,-1.427015939
14.19,-1.269244187
15.63,-1.126467358
17.13,-0.977686504
18.44,-0.82739902
19.58,-0.687768775
20.61,-0.551158928
21.57,-0.425983292
22.58,-0.303511897
23.51,-0.197658216
24.38,-0.066379485
25.27,0.062499747
26.2,0.186908092
27.29,0.31208305
28.19,0.454077897
29.13,0.598304765
30.12,0.726503802
31.22,0.873706414
32.15,1.01287275
33.21,1.16550546
34.24,1.329431432
35.18,1.479727172
35.95,1.634186502
36.76,1.792181552
37.28,1.960439432
37.4,2.12935903
37.67,2.306735708
37.76,2.512872791
37.33,2.680132631
34.87,2.678990821
33.74,2.668464908
28.96,2.492938542
24.85,2.307116109
21.41,2.13131194
18.22,1.964406185
15.46,1.805834087
12.82,1.638889604
10.61,1.484056488
8.54,1.343978526
6.37,1.191561895
4.29,1.057102606
2.313,0.911048301
0.4273,0.758745717
-1.249,0.63154041
-2.822,0.508314835
-4.227,0.385301217
-5.793,0.242148764
-7.339,0.10246659
-8.762,-0.058962606
-10.08,-0.207912194
-11.4,-0.359431894
-12.66,-0.511820558
-13.85,-0.666768593
-15.03,-0.816953572
-16.11,-0.97051305
-17.09,-1.131176177
-18.13,-1.283954683
-18.99,-1.437219521
-19.79,-1.59130681
-20.47,-1.750033925
-21.08,-1.907849897
-21.64,-2.059979027
-22.22,-2.231610958
-22.71,-2.378815059
-23.11,-2.536180711
-23.65,-2.689544097
-24.06,-2.83603711
-24.42,-2.99151723
-24.98,-3.142193002
-25.35,-3.282773594
-25.76,-3.428473365
-26.17,-3.577089651
-26.68,-3.709141419
-27.06,-3.855083589
-27.58,-4.001556889
-28.04,-4.147183238
-28.48,-4.289661077
-28.98,-4.433788774
-29.46,-4.574435465
-29.81,-4.712608125
-30.38,-4.867823087
-30.78,-5.014296537
-31.27,-5.167708673
-31.65,-5.32055403
-32.11,-5.496074899
-32.37,-5.659879325
-32.83,-5.869006225
-32.81,-6.067974172
-32.88,-6.275531508
-32.56,-6.491923705
-31.84,-6.530263267
-30.62,-6.504887626
-29.92,-6.411227037
-28.5,-6.265615787
-27.26,-6.103115707
-26.04,-5.953571237
-24.8,-5.80491834
-23.65,-5.653030589
-22.6,-5.493997781
-21.37,-5.341306119
-20.07,-5.190514536
-17.99,-5.006737913
-15.9,-4.816545938
-13.65,-4.622122108
-11.63,-4.456090298
-9.667,-4.270067076
-7.879,-4.091564499
-6.105,-3.91748046
-4.483,-3.743877195
-2.899,-3.582443788
-1.416,-3.420331335
-0.0125,-3.267825996
1.255,-3.130996097
2.64,-2.992870955
4.072,-2.850336703
5.44,-2.68534744
6.973,-2.529720862
8.385,-2.390600343
9.727,-2.224156537
11.15,-2.073464335
12.36,-1.907951844
13.66,-1.73897104
14.95,-1.592997876
16,-1.429197692
17.2,-1.278357133
18.23,-1.130567916
19.2,-0.988871951
20.09,-0.84491991
21.01,-0.724242827
21.67,-0.60774645
22.39,-0.473336399
23.25,-0.346070376
24.01,-0.207513189
24.72,-0.08762038
25.33,0.059306498
26.1,0.197837546
26.84,0.340216951
27.44,0.489120482
28.03,0.632251588
28.71,0.78090156
29.41,0.929311305
30.18,1.074431624
30.92,1.225312927
31.49,1.378940501
32.07,1.526042313
32.66,1.694909793
33.21,1.860002685
33.9,2.019273146
34.15,2.198726718
34.53,2.394382312
34.56,2.593707099
33.96,2.636160196
32.23,2.651253781
28.36,2.56188562
24.42,2.385850751
20.96,2.217609117
17.96,2.041760791
15.27,1.874722137
12.79,1.711574601
10.65,1.547957381
8.67,1.406435718
6.673,1.257171648
4.727,1.109604465
2.902,0.957321558
1.138,0.802189915
-0.5146,0.664674451
-1.942,0.532238664
-3.296,0.401962595
-4.674,0.269749471
-6.106,0.121677169
-7.39,-0.02316096
-8.577,-0.18168473
-9.788,-0.329855226
-10.9,-0.490834593
-11.98,-0.650616449
-13.04,-0.805939583
-14.09,-0.969155604
-15.1,-1.120745906
-16.11,-1.275167272
-16.98,-1.43359676
-17.87,-1.59111225
-18.85,-1.751038982
-19.38,-1.92143051
-20.11,-2.073079687
-20.67,-2.242951454
-21.21,-2.401384048
-21.78,-2.549287154
-22.09,-2.717464045
-22.54,-2.871837914
-22.96,-3.019894111
-23.35,-3.19719411
-23.71,-3.340373113
-24.03,-3.498180081
-24.28,-3.655059085
-24.74,-3.805341658
-25.05,-3.951310387
-25.45,-4.111094695
-25.76,-4.257203998
-26.15,-4.408676405
-26.48,-4.561427784
-26.97,-4.712978688
-27.34,-4.873961323
-27.61,-5.026424183
-27.97,-5.182626024
-28.37,-5.33793535
-28.65,-5.501276756
-29,-5.653229903
-29.35,-5.821306305
-29.73,-5.983858534
-30.02,-6.15240271
-30.24,-6.331563686
-30.39,-6.528312002
-29.45,-6.651952547
-28.63,-6.65882682
-28.26,-6.645784319
-27.03,-6.50196221
-25.16,-6.306185795
-23.57,-6.110906773
-21.97,-5.898673774
-20.47,-5.701965949
-17.97,-5.471148221
-15.32,-5.232475613
-12.87,-4.987935357
-10.71,-4.740434808
-8.629,-4.504883066
-6.52,-4.267144304
-4.528,-4.044542696
-2.57,-3.824033712
-0.7263,-3.620457592
1.028,-3.41916454
2.76,-3.243125789
4.565,-3.038815376
6.15,-2.817814036
7.817,-2.605226515
9.52,-2.396690709
11.06,-2.176587891
12.6,-1.972245741
14.22,-1.758808097
15.73,-1.54700899
17.05,-1.349320428
18.39,-1.14048967
19.53,-0.95578079
20.47,-0.777760228
21.26,-0.592371038
22.1,-0.408914397
23.05,-0.22543738
23.9,-0.039209209
24.66,0.166126863
25.5,0.35619563
26.37,0.555154837
27.2,0.747763342
27.99,0.952200541
28.81,1.148980811
29.76,1.360782013
30.54,1.57601995
31.42,1.790980751
32.22,2.011755257
32.88,2.26252969
33.24,2.506137897
33.53,2.771586809
33.8,3.025837251
33.9,3.285550059
33.74,3.558593258
32.75,3.616775238
30.58,3.619777376
25.1,3.430335465
20.65,3.169066774
17.04,2.88927477
13.86,2.651988871
11.04,2.411743055
8.553,2.210276422
6.144,1.986555995
3.77,1.77356248
1.601,1.564413402
-0.4461,1.35232676
-2.242,1.161985718
-3.972,0.980984995
-5.779,0.770482813
-7.52,0.572352184
-9.03,0.35884013
-10.33,0.14996999
-11.63,-0.068486291
-12.85,-0.276483833
-13.93,-0.500369012
-15,-0.713705519
-16.05,-0.932679425
-16.87,-1.156142416
-17.86,-1.372908781
-18.66,-1.60008806
-19.37,-1.820786127
-19.97,-2.037312851
-20.54,-2.253582194
-21.14,-2.476110367
-21.59,-2.687110565
-22.11,-2.906795555
-22.58,-3.120278571
-22.98,-3.323401752
-23.41,-3.540337915
-23.75,-3.745727054
-24.17,-3.960606898
-24.59,-4.172196451
-24.95,-4.37154125
-25.41,-4.58212248
-25.81,-4.792108985
-26.16,-4.992743603
-26.64,-5.195420964
-27.11,-5.409903726
-27.49,-5.616181282
-27.78,-5.825959595
-28.09,-6.04916685
-28.32,-6.29090601
-28.44,-6.538400736
-28.57,-6.778443358
-28.57,-7.049191905
-28.63,-7.303051253
-28.56,-7.552713416
-28.33,-7.822873161
-28.12,-7.906913687
-27.02,-7.907447401
-25.96,-7.786817084
-24.17,-7.585243821
-22.38,-7.379692917
-20.58,-7.163311953
-17.88,-6.9129808
-15.31,-6.65732259
-13.1,-6.412284932
-11.15,-6.172302774
-9.301,-5.931779686
-7.425,-5.676497437
-5.622,-5.449455224
-3.872,-5.206160389
-2.254,-4.982934761
-0.6133,-4.75715582
0.75,-4.540880354
2.026,-4.329518858
3.379,-4.127023629
4.862,-3.901638423
6.14,-3.681062842
7.357,-3.459994043
8.535,-3.240857069
9.947,-3.024659561
11.29,-2.810484035
12.46,-2.588883548
13.61,-2.371516285
14.77,-2.166077881
15.72,-1.943839397
16.69,-1.733623577
17.7,-1.529116178
18.51,-1.317774142
19.34,-1.11615766
20.14,-0.915732172
21,-0.721652227
21.93,-0.531930753
22.59,-0.339450676
23.42,-0.14468262
24.08,0.060397446
24.62,0.267324679
25.28,0.473909325
25.83,0.685847447
26.42,0.89320055
26.98,1.100851552
27.53,1.321186876
28,1.539588491
28.54,1.763228809
29.08,1.987153004
29.71,2.244186809
30.4,2.486489177
30.69,2.746200225
31.12,3.019733084
31.63,3.284593537
32.03,3.571916679
31.25,3.7290748
29.58,3.718472517
25.06,3.591915627
21.14,3.335441828
17.8,3.057313365
15.15,2.802494289
12.61,2.556179933
10.43,2.325599842
8.17,2.098534151
6.021,1.88285044
3.912,1.656064677
1.833,1.440597393
-0.1224,1.229132842
-1.77,1.023345182
-3.413,0.824254343
-5.043,0.626750288
-6.586,0.410690092
-8.083,0.185619096
-9.385,-0.038734522
-10.45,-0.241803991
-11.58,-0.462094697
-12.58,-0.691532297
-13.47,-0.909923422
-14.44,-1.133057092
-15.24,-1.365743845
-16.11,-1.590433936
-16.74,-1.813887132
-17.45,-2.045505191
-18.01,-2.269738642
-18.59,-2.484407962
-19.22,-2.708953644
-19.8,-2.923553505
-20.38,-3.147081406
-21.18,-3.360712682
-21.41,-3.586976158
-21.84,-3.797024474
-22.16,-4.021452158
-22.59,-4.236444612
-22.88,-4.457614563
-23.19,-4.673593783
-23.48,-4.902527001
-23.77,-5.110611868
-24.12,-5.316294728
-24.39,-5.538941361
-24.66,-5.762914005
-24.96,-5.966157707
-25.26,-6.194189689
-25.52,-6.404064643
-25.85,-6.6204268
-26.13,-6.849556378
-26.43,-7.063320032
-26.63,-7.297859778
-26.81,-7.531196461
-27.03,-7.751786173
-26.99,-7.864310253
-23.86,-7.696317414
-21.6,-7.452641878
-19.24,-7.185845776
-15.79,-6.889369129
-13.32,-6.582730077
-11.09,-6.28593856
-9.046,-5.987951893
-7.02,-5.691518688
-4.93,-5.406970454
-3.025,-5.123541316
-1.172,-4.839391042
0.5839,-4.575801103
2.188,-4.326422626
3.861,-4.049558974
5.478,-3.775933129
6.676,-3.505200115
8.088,-3.228678421
9.47,-2.953629378
10.65,-2.682149817
11.86,-2.416424291
13.34,-2.131331662
14.73,-1.875083653
15.83,-1.59763238
16.94,-1.312510404
18.08,-1.055625788
18.97,-0.787783452
19.87,-0.52141145
20.66,-0.266754572
21.56,-0.010740407
22.43,0.250549999
23.29,0.528648855
24.21,0.790790069
25.06,1.050402516
25.91,1.32883256
26.72,1.594287902
27.48,1.888444411
28.22,2.166636768
28.88,2.472764599
29.35,2.808004063
30.06,3.111936629
30.61,3.443061969
31.14,3.770799421
31.6,4.106758618
31.83,4.439278666
31.99,4.758183886
32.18,5.075723666
32.23,5.398484156
32.18,5.709211964
31.39,5.854247419
29.56,5.835116685
24.25,5.584425733
20.6,5.239101227
17.54,4.863377226
14.86,4.538405534
12.4,4.198113715
10.44,3.902818296
8.322,3.604497677
6.18,3.303735209
4.1,2.994169916
1.979,2.707837885
-0.08333,2.398622132
-2.077,2.135359778
-3.955,1.870845239
-5.913,1.600191846
-7.864,1.313307042
-9.531,1.018984532
-10.98,0.7190892
-12.06,0.426975806
-13.01,0.146833008
-13.73,-0.148283617
-14.49,-0.420544279
-15.13,-0.721703165
-15.81,-1.002136501
-16.35,-1.281602114
-16.95,-1.566551743
-17.51,-1.846851405
-18.03,-2.112682875
-18.6,-2.398413168
-19.17,-2.674092525
-19.7,-2.947936942
-20.23,-3.223438188
-20.69,-3.497806265
-21.21,-3.777258546
-21.64,-4.048369807
-22.02,-4.318757854
-22.39,-4.589216852
-22.74,-4.85510095
-23.11,-5.121522483
-23.44,-5.388770935
-23.76,-5.663516828
-24.12,-5.930397072
-24.43,-6.188405701
-24.86,-6.463191839
-25.18,-6.744371816
-25.46,-7.003331128
-25.77,-7.281413456
-26.01,-7.576578417
-26.08,-7.86747174
-26.25,-8.166098249
-26.38,-8.467127724
-26.55,-8.759357599
-26.53,-9.070511123
-26.54,-9.360115292
-26.43,-9.641836047
-25.76,-9.808885616
-24.64,-9.795803374
-22.66,-9.546612316
-20.65,-9.2655566
-16.96,-8.94771364
-14.44,-8.65639869
-12.45,-8.357050483
-11.1,-8.062870773
-9.664,-7.7784482
-7.798,-7.488034222
-6.301,-7.199808253
-4.793,-6.917748447
-3.303,-6.624986877
-2.228,-6.348173373
-0.5633,-6.063278012
0.5237,-5.786579408
1.62,-5.526741015
2.639,-5.241310612
3.791,-4.976883969
4.904,-4.690163467
5.784,-4.42485848
6.812,-4.129599478
7.803,-3.850439468
8.826,-3.560322209
9.779,-3.279270212
10.83,-2.991473991
11.8,-2.708351334
12.88,-2.426218438
13.78,-2.120531978
14.93,-1.836582872
15.77,-1.548048784
16.76,-1.257000941
17.6,-0.960478709
18.26,-0.671785629
18.86,-0.381204195
19.62,-0.102391333
20.2,0.179442618
20.81,0.455687865
21.34,0.722173549
22.17,1.014274124
22.67,1.296149883
23.42,1.569018904
24.06,1.854161653
24.63,2.122986419
25.12,2.416208137
25.74,2.710403259
26.32,2.994059932
26.9,3.297442898
27.52,3.598134387
27.93,3.903938347
28.43,4.206210875
28.75,4.528667733
29.14,4.839388446
29.2,5.173614734
29.48,5.474411178
29.5,5.804072302
29.03,5.930047558
24.97,5.925040817
21.73,5.623082022
19.43,5.308113841
16.98,4.971753857
15.27,4.659164616
13.57,4.330913402
12.14,4.019713431
10.6,3.717007219
9.046,3.422251198
7.414,3.118127454
5.708,2.819916277
4.005,2.506397391
2.154,2.206704501
0.3688,1.898963494
-1.357,1.602443665
-3.05,1.348287669
-4.589,1.066625593
-6.237,0.786353536
-7.698,0.479248142
-9.103,0.192031932
-10.18,-0.1153351
-11.09,-0.391229678
-11.87,-0.702606408
-12.46,-0.983291838
-13.14,-1.274236143
-13.74,-1.548841683
-14.32,-1.838302521
-14.95,-2.114101913
-15.55,-2.414063237
-16.17,-2.694717286
-16.87,-2.969443556
-17.32,-3.250786166
-17.74,-3.530219464
-18.25,-3.808524196
-18.59,-4.084434266
-19.05,-4.355245089
-19.5,-4.626687938
-19.97,-4.903656946
-20.39,-5.171587169
-21.07,-5.436371605
-21.22,-5.709282534
-21.72,-5.975713151
-22.15,-6.246319673
-22.55,-6.51274808
-22.91,-6.775161751
-23.2,-7.035662792
-23.53,-7.297465439
-23.89,-7.55985123
-24.14,-7.838954851
-24.45,-8.104007801
-24.79,-8.370541262
-25.03,-8.634902237
-25.35,-8.890775254
-25.64,-9.170960846
-25.75,-9.440598226
-25.23,-9.607640105
-24.86,-9.58986776
-24.24,-9.587890692
-23.12,-9.490647595
-20.3,-9.188591438
-16.98,-8.851750098
-14.4,-8.51668793
-12.56,-8.186324071
-10.98,-7.849654657
-9.5,-7.510787844
-8.08,-7.190593043
-6.716,-6.858380348
-5.329,-6.531681595
-4.024,-6.183826001
-2.695,-5.85013427
-1.686,-5.515448247
-0.5133,-5.191583306
0.5932,-4.877680889
1.815,-4.565323452
3.105,-4.246457448
4.393,-3.914679645
5.734,-3.58938212
6.984,-3.267726986
8.216,-2.931076771
9.224,-2.581936684
10.39,-2.239159333
11.76,-1.903800012
12.86,-1.548794333
13.79,-1.189918622
14.91,-0.843285986
15.79,-0.490978536
16.81,-0.155050431
17.46,0.194840172
18.31,0.542151219
18.87,0.893238389
19.65,1.220252842
20.19,1.573280099
21.03,1.916238353
21.82,2.257843457
22.5,2.591030635
23.31,2.934265685
24.08,3.278541821
24.88,3.620949362
25.51,3.977864313
26.24,4.331283836
26.73,4.710434077
27.35,5.073562911
27.66,5.460290545
28.06,5.841727672
28.36,6.204687237
28.57,6.577122598
28.69,6.946293688
28.7,7.303202171
28.57,7.665430366
27.24,7.704719983
24.63,7.689733452
20.54,7.326839137
17.75,6.914129442
15.57,6.529122975
13.92,6.131251938
12.23,5.753305363
10.79,5.39020951
9.196,5.032555397
7.796,4.663544461
6.374,4.291491454
4.831,3.932506297
3.19,3.570899
1.436,3.215974394
-0.2846,2.867352116
-1.855,2.534986866
-3.449,2.19452987
-4.935,1.879149026
-6.415,1.516193004
-7.923,1.186215136
-9.135,0.822828387
-10.29,0.498512563
-11.05,0.151313897
-11.82,-0.181523168
-12.43,-0.519498588
-13.12,-0.869118677
-13.66,-1.182319573
-14.2,-1.526711565
-14.9,-1.866568919
-15.57,-2.19542975
-16.05,-2.533142448
-16.59,-2.855674237
-16.83,-3.195009778
-17.57,-3.523178861
-18.03,-3.84952352
-18.5,-4.171057048
-18.92,-4.495138832
-19.38,-4.827304032
-19.92,-5.138764443
-20.4,-5.468235127
-20.92,-5.773208377
-21.38,-6.092138821
-21.86,-6.409291967
-22.22,-6.717462804
-22.72,-7.031281876
-23.05,-7.349275278
-23.48,-7.638332777
-23.91,-7.962248524
-24.3,-8.260679623
-24.64,-8.579742082
-24.9,-8.8955586
-25.11,-9.211871254
-25.2,-9.54796717
-25.26,-9.891109527
-25.28,-10.21338903
-25.09,-10.56020211
-24.91,-10.89706014
-24.67,-11.14986413
-22.96,-11.05884709
-20.15,-10.75316515
-16.93,-10.4127155
-14.5,-10.07165918
-12.75,-9.748147669
-11.3,-9.424390663
-10.05,-9.093257196
-8.961,-8.762756143
-7.823,-8.441011117
-6.648,-8.108400952
-5.589,-7.775831692
-4.547,-7.44091817
-3.823,-7.117131308
-2.916,-6.789750523
-2.055,-6.468943339
-0.9924,-6.154564714
-0.0349,-5.835332298
0.7432,-5.5250316
1.451,-5.214930931
2.23,-4.900522512
3.153,-4.599721025
3.896,-4.270192801
4.763,-3.958156751
5.745,-3.636133572
6.819,-3.320383272
7.84,-2.998889287
8.976,-2.686865891
10.1,-2.354125221
11.16,-2.023695424
12.09,-1.682773138
12.84,-1.336422799
13.49,-0.999164484
14.25,-0.659299475
15.08,-0.306778356
15.8,0.022872379
16.39,0.373522209
17.1,0.71475329
17.78,1.058320155
18.22,1.398866087
18.79,1.738981044
19.35,2.095207778
19.87,2.434679131
20.48,2.782996342
20.96,3.1411936
21.67,3.488010051
22.29,3.827428958
22.74,4.20044923
23.25,4.547201981
23.71,4.901669254
24.13,5.266777021
24.63,5.61406619
25.1,5.975207899
25.43,6.342779736
25.85,6.681354434
25.69,7.076341017
25.3,7.422717313
24.55,7.636077886
21.5,7.63662212
18.13,7.30021646
16.01,6.931067958
14.35,6.535163417
12.93,6.157773133
11.75,5.770736623
10.4,5.391097148
9.026,5.039396839
7.333,4.679896339
5.83,4.336493433
4.225,3.999805465
2.616,3.655798416
1.177,3.321784887
-0.1383,2.969930096
-1.39,2.653113577
-2.376,2.32455788
-3.872,2.009048613
-4.985,1.680568618
-6.101,1.359806272
-7.025,1.013770388
-8.073,0.68975755
-8.971,0.355049932
-9.57,0.021705465
-10.26,-0.307588791
-10.98,-0.634270693
-11.64,-0.967692455
-12.14,-1.295563528
-12.75,-1.612843158
-13.39,-1.954250083
-14.03,-2.286907071
-14.52,-2.613959921
-14.93,-2.941054518
-15.36,-3.268063054
-15.75,-3.605302842
-16.12,-3.920739173
-16.45,-4.242943949
-16.93,-4.571094028
-17.33,-4.894639722
-17.76,-5.218369994
-18.17,-5.538437648
-18.55,-5.855213285
-19,-6.169152634
-19.37,-6.481025296
-19.55,-6.802933008
-20.13,-7.116600061
-20.54,-7.421661348
-20.96,-7.736859512
-21.34,-8.046096608
-21.79,-8.35579676
-22.17,-8.656696768
-22.52,-8.968219314
-22.74,-9.261797517
-23.13,-9.581826708
-23.29,-9.887020221
-23.53,-10.19302629
-23.55,-10.5215425
-23.45,-10.79586828
-22.68,-10.7958136
-22.02,-10.79828776
-22.09,-10.69921492
-17.98,-10.33540011
-15.52,-9.964145226
-13.38,-9.58954057
-11.63,-9.208138749
-10.35,-8.823345281
-9.076,-8.452757487
-7.926,-8.076708402
-6.856,-7.700977402
-5.834,-7.33053681
-4.88,-6.952193069
-3.979,-6.583726644
-3.154,-6.205292436
-2.27,-5.835378685
-1.345,-5.472119692
-0.4159,-5.105649296
0.5023,-4.739938053
1.33,-4.400176595
2.308,-4.040598254
3.213,-3.67943576
4.221,-3.318756238
5.061,-2.960303937
6.002,-2.587119201
6.89,-2.227750987
7.755,-1.863823829
8.654,-1.496709275
9.494,-1.117341329
10.38,-0.751764189
11.26,-0.364793744
12.11,0.009748895
12.88,0.394757933
13.58,0.783797096
14.33,1.174387199
15.03,1.565791404
15.76,1.955772619
16.51,2.347213811
17.19,2.739521009
17.92,3.131266869
18.75,3.518726228
19.44,3.916880866
20.25,4.302065187
20.84,4.702989809
21.45,5.103775174
21.98,5.513149108
22.28,5.945053248
22.78,6.353736545
23.07,6.790693228
23.38,7.19867514
23.51,7.623579314
23.75,8.026899661
23.69,8.426691364
23.76,8.806646967
23.9,9.210555415
17.82,9.199082318
14.15,8.758516019
11.75,8.269631251
9.944,7.861216584
8.266,7.464160949
6.834,7.061410836
5.369,6.670210421
4.218,6.276753077
2.971,5.895947579
1.817,5.49225891
0.8891,5.109598581
-0.1846,4.734737469
-1.179,4.361037805
-2.274,3.991523903
-3.157,3.620869977
-4.136,3.252172469
-5.019,2.888822904
-5.877,2.507751772
-6.644,2.135549262
-7.383,1.751784062
-8.009,1.381675754
-8.676,1.007070502
-9.258,0.633804225
-9.841,0.257678631
-10.42,-0.115623221
-10.9,-0.484940173
-11.49,-0.858706596
-12.02,-1.228250554
-12.49,-1.607305808
-13.01,-1.970240922
-13.37,-2.345060773
-13.8,-2.732112484
-14.38,-3.088311141
-14.84,-3.460994036
-15.41,-3.832386685
-15.91,-4.190663306
-16.38,-4.561391209
-16.88,-4.92481376
-17.35,-5.294413544
-17.87,-5.660648351
-18.29,-6.012221229
-18.78,-6.380477751
-19.18,-6.732914567
-19.53,-7.094898259
-19.89,-7.448764701
-20.26,-7.797369314
-20.59,-8.16012888
-20.97,-8.530317925
-21.19,-8.877330252
-21.39,-9.239261342
-21.6,-9.593627072
-21.74,-9.96871688
-21.97,-10.32969027
-22.12,-10.70088413
-22.21,-11.06730886
-22.14,-11.44246288
-22.01,-11.8188346
-21.67,-12.18784639
-20.51,-12.17453353
-17.43,-11.81261059
-15.19,-11.45482291
-13.49,-11.09300442
-11.93,-10.72144111
-10.63,-10.36190759
-9.492,-9.991312842
-8.425,-9.626474383
-7.514,-9.268845369
-6.624,-8.90266331
-5.829,-8.53200511
-5.039,-8.173670889
-4.345,-7.805826617
-3.671,-7.437966587
-2.966,-7.081719842
-2.346,-6.717603848
-1.722,-6.357512731
-1.143,-5.988773822
-0.5443,-5.623675439
0.05755,-5.269058288
0.6688,-4.915774297
1.351,-4.559830878
2.03,-4.20502709
2.759,-3.840000582
3.465,-3.480544223
4.125,-3.125357873
4.892,-2.763259413
5.489,-2.399272732
6.222,-2.028712187
6.901,-1.666676663
7.588,-1.303545051
8.297,-0.937801223
9.067,-0.567644848
9.866,-0.195761171
10.49,0.174631258
11.31,0.549000775
11.94,0.930062338
12.64,1.304711542
13.19,1.687023514
13.79,2.067899842
14.26,2.449053671
14.78,2.839513025
15.41,3.216488471
15.91,3.604185782
16.38,3.990981785
17.01,4.377456651
17.51,4.762539852
18.08,5.14920487
18.51,5.527646991
18.99,5.915052021
19.36,6.311592905
19.82,6.693974407
20.13,7.090527974
20.5,7.466981264
20.63,7.858145001
20.75,8.243427529
20.91,8.608534141
20.94,8.996344755
20.11,9.084541405
15.5,9.041624763
12.28,8.665073786
10.16,8.277282777
8.642,7.884546227
7.346,7.495871573
6.318,7.11881073
5.244,6.723940057
4.32,6.345144453
3.358,5.967720745
2.562,5.599832981
1.646,5.219250536
0.919,4.853659991
0.075,4.481156517
-0.6133,4.122032118
-1.346,3.753444364
-2.004,3.39271435
-2.696,3.03213317
-3.162,2.674549189
-3.748,2.323722764
-4.384,1.957582915
-4.996,1.589078583
-5.545,1.228381086
-6.074,0.854109264
-6.528,0.489238108
-7.042,0.132427766
-7.499,-0.227611461
-8.001,-0.602542234
-8.501,-0.965758798
-8.899,-1.337185222
-9.298,-1.695346303
-9.766,-2.062454886
-10.29,-2.424467027
-10.77,-2.784442708
-11.26,-3.151366099
-11.7,-3.505656864
-12.15,-3.871496957
-12.64,-4.236728921
-13.07,-4.594350171
-13.53,-4.959390729
-14.05,-5.324335573
-14.49,-5.682819972
-14.88,-6.038651203
-15.34,-6.405990094
-15.81,-6.760689108
-16.22,-7.119960091
-16.55,-7.477005633
-17.04,-7.840074041
-17.4,-8.19576839
-17.78,-8.534944726
-18.13,-8.904994609
-18.38,-9.271332008
-18.78,-9.621642371
-19.04,-10.00036925
-19.23,-10.36212228
-19.38,-10.74134236
-19.53,-11.10939617
-19.64,-11.48368685
-19.36,-11.85245388
-13.96,-11.27240744
-12.03,-10.86920528
-10.52,-10.47048707
-9.254,-10.06328155
-8.19,-9.653739037
-7.132,-9.245389629
-6.201,-8.839146078
-5.281,-8.430673163
-4.486,-8.010340606
-3.791,-7.603127382
-3.122,-7.190331323
-2.45,-6.774747623
-1.803,-6.378754537
-1.217,-5.965796369
-0.5836,-5.558219638
0.03047,-5.141923811
0.693,-4.742758583
1.288,-4.340273977
1.896,-3.935965589
2.505,-3.530023967
3.086,-3.123471351
3.727,-2.715212059
4.376,-2.300283685
5.064,-1.8901946
5.697,-1.47352077
6.371,-1.068288462
7.122,-0.645182821
7.862,-0.232953179
8.624,0.185178063
9.364,0.589479956
10.11,1.019116229
10.85,1.447957578
11.63,1.869850255
12.41,2.306303377
12.74,2.737242879
13.4,3.178496623
14.13,3.620729982
14.73,4.061359155
15.37,4.495695731
15.93,4.94290393
16.57,5.381131004
16.96,5.832426852
17.41,6.264000971
17.79,6.711867746
18,7.162605414
18.4,7.604792639
18.64,8.058745953
18.57,8.514726053
18.81,8.965607304
19.03,9.414350516
19.12,9.867176673
19.13,10.30335214
19.22,10.75117574
19.19,11.18199201
19.13,11.62300749
19.21,12.06370264
19.18,12.45624743
18.3,12.44364546
17.62,12.44405384
17.14,12.44484919
12.25,12.21308707
9.909,11.77129445
8.286,11.32210685
7.002,10.87858944
5.882,10.43388529
4.811,9.990830986
3.776,9.554062706
3.06,9.123971518
2.069,8.693321112
1.216,8.271679545
0.3518,7.848752428
-0.325,7.428029272
-1.105,7.010546023
-1.807,6.597298326
-2.527,6.176696391
-3.093,5.761038539
-3.652,5.348499674
-4.197,4.93828922
-4.691,4.515764112
-5.187,4.105352517
-5.627,3.681558035
-6.084,3.261347183
-6.522,2.842908551
-6.829,2.418855483
-7.256,2.011333918
-7.576,1.594409716
-8.03,1.175469966
-8.439,0.756870265
-8.859,0.347077262
-9.229,-0.078758257
-9.659,-0.479842014
-10.04,-0.898241342
-10.45,-1.313829504
-10.82,-1.728444729
-11.19,-2.144117319
-11.66,-2.548202226
-12.12,-2.964758576
-12.53,-3.387491674
-13,-3.791169283
-13.37,-4.211688267
-13.79,-4.61860192
-14.16,-5.030776256
-14.6,-5.446764029
-14.99,-5.858960506
-15.39,-6.268024578
-15.74,-6.68625376
-16.16,-7.095164255
-16.59,-7.502728575
-16.96,-7.921663207
-17.32,-8.323497375
-17.58,-8.744527918
-17.71,-9.162531358
-17.46,-9.599103951
-17.43,-10.03937851
-17.47,-10.48463217
-17.43,-10.91507227
-17.37,-11.35179585
-17.4,-11.79912384
-17.47,-12.23719489
-17.63,-12.66615236
-17.67,-13.09164773
-17.63,-13.52008371
-17.61,-13.95643262
-17.52,-14.39385042
-17.53,-14.81775489
-16.4,-15.05907463
-16.63,-15.04924747
-15.24,-14.80910604
-12.28,-14.4102348
-10.55,-14.01040289
-9.265,-13.60552246
-8.148,-13.18686544
-7.243,-12.78101112
-6.393,-12.37542958
-5.659,-11.95246568
-5.057,-11.53615999
-4.492,-11.11546144
-3.924,-10.69289704
-3.404,-10.27760979
-2.881,-9.864356503
-2.315,-9.448240924
-1.801,-9.03103124
-1.333,-8.61986771
-0.8294,-8.201345621
-0.3745,-7.781504346
0.05599,-7.364585643
0.4898,-6.957345905
0.8703,-6.545542242
1.259,-6.138619914
1.449,-5.716818888
1.756,-5.310502486
2.247,-4.899221312
2.569,-4.478194921
2.862,-4.066377207
3.339,-3.659775212
3.715,-3.235626566
4.158,-2.826075205
4.567,-2.407782208
4.99,-1.998489911
5.392,-1.583147873
5.823,-1.163860058
6.37,-0.745315152
6.83,-0.325497548
7.114,0.098877249
7.641,0.51405629
8.065,0.941913572
8.642,1.360678115
9.069,1.788727152
9.668,2.207015025
10.05,2.633820857
10.41,3.058520387
10.92,3.479436192
11.27,3.912797983
11.74,4.343852979
11.99,4.767515866
12.28,5.197713277
12.47,5.633436709
12.83,6.068958938
13.03,6.486777165
13.38,6.906664475
13.63,7.337751613
13.92,7.764718553
14.1,8.194856567
14.36,8.625430447
14.38,9.068550069
14.56,9.507374593
14.71,9.928670251
14.79,10.36645054
14.88,10.79261915
15.08,11.22344153
15.02,11.66116325
15.22,12.09141232
15.17,12.52781089
14.85,12.59245567
13.56,12.58858329
10.15,12.57866174
7.99,12.13096943
6.38,11.7014413
5.161,11.28132538
4.114,10.85376503
3.236,10.43062843
2.409,9.996275549
1.693,9.581269544
1.02,9.158689503
0.3563,8.741862094
-0.2508,8.328748824
-0.794,7.913789124
-1.237,7.498292339
-1.677,7.08854281
-2.073,6.672080668
-2.426,6.257674591
-2.704,5.843471185
-3.011,5.424087492
-3.348,5.01926031
-3.584,4.6023577
-3.815,4.193050612
-4.05,3.780797716
-4.349,3.361819122
-4.607,2.944259095
-4.92,2.524333246
-5.211,2.12511551
-5.523,1.702860499
-5.809,1.285414997
-6.042,0.862655934
-6.388,0.452353198
-6.691,0.036552909
-7.051,-0.372177948
-7.32,-0.795516035
-7.637,-1.22015698
-7.886,-1.626286027
-8.156,-2.042201319
-8.45,-2.451168698
-8.805,-2.880982979
-9.099,-3.295064668
-9.437,-3.716844962
-9.767,-4.127150831
-10.1,-4.542099155
-10.45,-4.954842253
-10.78,-5.364533524
-11.2,-5.786088957
-11.56,-6.197028185
-11.93,-6.616089521
-12.32,-7.022847287
-12.6,-7.427566525
-13.05,-7.852188073
-13.34,-8.267582982
-13.65,-8.669862167
-13.92,-9.081393456
-14.23,-9.498269233
-14.54,-9.914054439
-14.83,-10.32826747
-15.11,-10.73526905
-15.39,-11.16163603
-15.44,-11.57627149
-15.57,-12.00363881
-15.76,-12.42585223
-15.74,-12.8447222
-15.74,-13.27547888
-15.65,-13.6948861
-15.51,-14.13549769
-15.19,-14.57062115
-14.45,-14.88741262
-13.65,-14.90762723
-11.15,-14.39929255
-8.165,-13.89336975
-6.621,-13.38798975
-5.436,-12.88075959
-4.498,-12.37373337
-3.841,-11.86352581
-3.002,-11.35027109
-2.333,-10.82415136
-1.847,-10.3253178
-1.201,-9.805964373
-0.7828,-9.292422298
-0.2531,-8.771664367
0.0599,-8.260358435
0.4174,-7.747636316
0.701,-7.239604903
0.9974,-6.719389111
1.231,-6.20198811
1.537,-5.698550471
1.746,-5.18356457
2.032,-4.654098495
2.231,-4.144366953
2.414,-3.629738631
2.747,-3.115015766
3.138,-2.598841286
3.371,-2.076208691
3.837,-1.564179522
4.078,-1.050217355
4.462,-0.525465779
4.996,-0.011826927
5.271,0.512849535
5.698,1.027292552
6.138,1.548203843
6.65,2.058631758
7.234,2.58919308
7.754,3.107263661
8.248,3.618358529
8.716,4.147011468
9.081,4.670762377
9.523,5.203655732
9.745,5.726744657
10.27,6.251507309
10.5,6.777886584
10.94,7.304021146
11.29,7.835058386
11.72,8.356319197
11.98,8.87335123
12.28,9.395549015
12.56,9.920900651
12.91,10.44895297
13.07,10.97515473
13.26,11.5147353
13.33,12.05303829
13.4,12.57863224
13.5,13.10661644
13.53,13.64081468
13.57,14.16398466
13.59,14.68229688
13.6,15.21311628
13.31,15.71440524
12.23,15.80332587
10.5,15.79928592
7.065,15.57813385
5.254,15.0634413
3.93,14.54956284
2.9,14.02972476
2.013,13.50762063
1.302,12.98243648
0.6617,12.46080274
0.1411,11.94499091
-0.3591,11.41594982
-0.7255,10.89664694
-1.062,10.37612914
-1.415,9.867994506
-1.65,9.354282438
-1.879,8.829466628
-2.105,8.313437632
-2.309,7.806980113
-2.555,7.279786511
-2.822,6.762287957
-3.047,6.239402287
-3.283,5.72181966
-3.474,5.208231739
-3.705,4.68923654
-3.949,4.18493224
-4.263,3.660448536
-4.478,3.147343844
-4.83,2.625413312
-5.041,2.128427268
-5.352,1.592126298
-5.664,1.084075636
-5.913,0.55345018
-6.272,0.047639706
-6.534,-0.463962089
-6.852,-0.986366824
-7.235,-1.503095617
-7.596,-2.022918087
-8.002,-2.540348872
-8.402,-3.062914248
-8.742,-3.584243404
-9.109,-4.090032052
-9.455,-4.612555155
-9.834,-5.13936048
-10.12,-5.646158062
-10.38,-6.178264625
-10.68,-6.702054112
-10.94,-7.228245242
-11.14,-7.75410382
-11.29,-8.283127962
-11.47,-8.813480832
-11.61,-9.332215336
-11.7,-9.871329006
-11.6,-10.400645
-11.68,-10.93915884
-11.8,-11.48157492
-11.83,-12.02110045
-12.02,-12.56264681
-12.06,-13.08616022
-12.19,-13.64055034
-12.45,-14.18640235
-12.5,-14.70307504
-12.4,-15.24117168
-12.04,-15.78632299
-12.21,-16.33112306
-12.19,-16.86184308
-12.37,-17.40750212
-12.47,-17.93986953
-12.25,-18.47446994
-11.6,-18.80690618
-10.37,-18.27709012
-6.954,-17.78491158
-5.435,-17.27395724
-4.322,-16.76837009
-3.495,-16.25741344
-2.837,-15.74208355
-2.273,-15.22743087
-1.785,-14.72547028
-1.383,-14.21742606
-1.021,-13.69636768
-0.7169,-13.18465789
-0.3807,-12.67096266
-0.1169,-12.15846316
0.1242,-11.64564974
0.212,-11.12971043
0.3852,-10.62361257
0.5695,-10.10567875
0.7581,-9.599410732
0.9818,-9.088526723
1.132,-8.570100481
1.277,-8.064594172
1.461,-7.544474515
1.625,-7.037039641
1.717,-6.520184185
1.876,-6.002109052
2.067,-5.483904116
2.178,-4.970673689
2.338,-4.451418583
2.552,-3.9337309
2.731,-3.427104564
2.929,-2.907883549
3.104,-2.400335761
3.389,-1.878488656
3.51,-1.360726965
3.814,-0.837324405
4.053,-0.329101003
4.38,0.186536495
4.677,0.693860467
4.952,1.220774555
5.229,1.740621906
5.606,2.251738512
5.895,2.766524627
6.257,3.28051616
6.578,3.793600663
6.806,4.313864804
7.205,4.827133296
7.467,5.349702029
7.735,5.856358344
8.027,6.376918763
8.236,6.906577135
8.428,7.411226272
8.601,7.936515817
8.746,8.445673072
9,8.964038773
8.993,9.477218311
9.293,9.995022081
9.421,10.52388851
9.561,11.03110768
9.652,11.54382016
9.746,12.0709488
9.851,12.58594201
9.984,13.10934556
9.983,13.62233567
10.15,14.13908252
10.22,14.65334836
10.23,15.14362539
6.65,15.11456353
4.597,15.00675197
3.358,14.49376923
2.493,13.98451964
1.761,13.47080208
1.195,12.95318845
0.6586,12.4550392
0.2479,11.93321838
-0.05807,11.42201689
-0.426,10.89009621
-0.6297,10.37656273
-0.9177,9.862733625
-1.112,9.339821986
-1.315,8.834355619
-1.548,8.310357271
-1.698,7.798251742
-1.865,7.271916328
-2.062,6.751743633
-2.217,6.224724805
-2.389,5.71958417
-2.603,5.190523878
-2.968,4.151332177
-3.159,3.634292282
-3.358,3.116294599
-3.561,2.607537654
-3.796,2.081342194
-3.98,1.56531193
-4.192,1.039963579
-4.427,0.513770857
-4.668,0.008829144
-4.861,-0.513328319
-5.049,-1.039561987
-5.311,-1.56399938
-5.551,-2.087280629
-5.767,-2.603320425
-5.981,-3.126586368
-6.186,-3.663442993
-6.501,-4.174261264
-6.737,-4.699288032
-6.952,-5.22703262
-7.145,-5.745708061
-7.226,-6.265705958
-7.47,-6.793139237
-7.674,-7.307647472
-7.873,-7.827789438
-8.017,-8.357755563
-8.169,-8.86827929
-8.312,-9.401480615
-8.44,-9.916376179
-8.511,-10.45083348
-8.552,-10.98005295
-8.649,-11.51300182
-8.621,-12.05224755
-8.77,-12.59302157
-8.758,-13.14654639
-8.794,-13.67381069
-8.88,-14.21796333
-8.814,-14.75983609
-8.637,-15.31131771
-8.253,-15.88392663
-7.988,-16.50153835
-7.56,-17.14936125
-6.817,-17.82487457
-5.369,-18.67984846
-4.134,-20.32499122
-3.323,-21.43048256
-3.885,-21.49384797
